Genotype,Growth_cm
G1,2.698685661
G1,2.44469428
G1,2.759075415
G1,3.109211943
G1,2.40633865
G1,2.406345217
G1,3.131685126
G1,2.806973892
G1,2.312210246
G1,2.717024017
G1,2.314632923
G1,2.313708099
G1,2.596784909
G1,1.734687902
G1,1.810032867
G1,2.275084988
G1,2.094867552
G1,2.625698933
G1,2.13679037
G1,1.935078519
G1,3.086259508
G1,2.40968948
G1,2.527011282
G1,1.930100726
G1,2.28224691
G1,2.544369036
G1,2.039602569
G1,2.650279207
G1,2.259744524
G1,2.3833225
G1,2.259317355
G1,3.240911274
G1,2.49460111
G1,2.076915628
G1,2.829017965
G1,2.01166254
G1,2.583545438
G1,1.71613195
G1,1.96872558
G1,2.578744494
G1,2.795386632
G1,2.568547312
G1,2.453740687
G1,2.379558522
G1,1.908591204
G1,2.212062317
G1,2.315744492
G1,2.92284889
G1,2.637447316
G1,1.794783938
G1,2.629633588
G1,2.345967088
G1,2.2292312
G1,2.744670516
G1,2.912399809
G1,2.872512048
G1,2.164312991
G1,2.37631505
G1,2.632505373
G1,2.890218051
G1,2.308330305
G1,2.425736409
G1,2.05746601
G1,2.02151735
G1,2.825010329
G1,3.042496011
G1,2.471195951
G1,2.901413159
G1,2.64465441
G1,2.241952098
G1,2.644558242
G1,3.115214627
G1,2.485669584
G1,3.125857462
G1,1.452101958
G1,2.828761002
G1,2.534818827
G1,2.38039706
G1,2.536704311
G1,1.704972434
G1,2.412131245
G1,2.642845029
G1,3.091157618
G1,2.292691913
G1,2.176602559
G1,2.299297183
G1,2.866160847
G1,2.631500444
G1,2.288095918
G1,2.705306973
G1,2.53883102
G1,2.887457996
G1,2.219178762
G1,2.368935141
G1,2.343156739
G1,1.914594021
G1,2.618448111
G1,2.604422109
G1,2.502045383
G1,2.406165147
G1,1.933851703
G1,2.331741871
G1,2.362914193
G1,2.179089092
G1,2.435485715
G1,2.661620343
G1,3.25447436
G1,2.569831125
G1,2.603020156
G1,2.470221634
G1,1.732491514
G1,2.48939445
G1,2.524092084
G1,3.485296845
G1,2.423055614
G1,2.620618937
G1,2.486115292
G1,2.032528785
G1,2.957129126
G1,2.800773213
G1,2.816412779
G1,2.136245018
G1,3.061117724
G1,1.939259575
G1,2.734742838
G1,3.37618225
G1,2.10378547
G1,2.273480908
G1,2.539860546
G1,2.298609738
G1,1.879734628
G1,2.52742519
G1,2.075078515
G1,2.689436972
G1,2.132230306
G1,3.119973762
G1,2.186698683
G1,2.371175394
G1,2.825406887
G1,2.007654273
G1,2.590983974
G1,3.022857102
G1,1.857006706
G1,2.573853543
G1,2.603953118
G1,2.812729149
G1,2.005219716
G1,1.971817355
G1,2.708776626
G1,2.618793869
G1,2.60019714
G1,2.638579284
G1,2.227990111
G1,2.592901479
G1,2.617228989
G1,2.214259433
G1,3.246309804
G1,2.689533168
G1,2.023478601
G1,2.762621443
G1,2.110127332
G1,2.814833841
G1,2.963438232
G1,2.171727073
G1,2.885350452
G1,2.665112371
G1,2.828824064
G1,3.258717193
G1,2.401844754
G1,2.198505534
G1,2.144194228
G1,2.173675886
G1,2.469159316
G1,2.63646079
G1,2.61067632
G1,2.8308733
G1,2.505200757
G1,3.081413631
G1,2.394137267
G1,3.588067667
G1,2.750266939
G1,2.157136977
G1,2.071643001
G1,2.692988966
G1,2.410614886
G1,2.785600198
G1,2.68929505
G1,2.470868435
G1,2.161282513
G1,1.89406111
G1,2.321394019
G1,2.842559518
G1,2.585637498
G1,2.001704489
G1,2.56927237
G1,2.654126952
G1,2.146457026
G1,2.561490042
G1,2.523283487
G1,2.042811881
G1,2.643114944
G1,2.724313811
G1,2.933220497
G1,2.921520821
G1,1.948932253
G1,2.124869984
G1,2.706014107
G1,2.70551438
G1,2.706019075
G1,4.041092596
G1,2.728356204
G1,2.954226256
G1,2.881600705
G1,2.760556501
G1,2.373892302
G1,2.803587688
G1,2.190869914
G1,2.405272557
G1,2.305854581
G1,2.532749656
G1,3.425863427
G1,1.753093923
G1,2.774504076
G1,1.854913652
G1,2.311227254
G1,2.935580239
G1,2.525712008
G1,2.068902089
G1,2.213878516
G1,2.7718391
G1,2.207853347
G1,2.586583436
G1,2.518228736
G1,2.239359861
G1,3.357577636
G1,2.753567609
G1,1.689942965
G1,2.574581726
G1,2.235285414
G1,2.840973334
G1,2.182991705
G1,2.454105423
G1,2.701994912
G1,2.846302078
G1,2.019881437
G1,2.366199506
G1,2.310021876
G1,2.238668307
G1,3.206181696
G1,2.661992684
G1,1.995646418
G1,2.867144779
G1,3.348862479
G1,2.912986104
G1,1.892252014
G1,2.306306371
G1,3.00676446
G1,2.216932214
G1,2.677527771
G1,2.809853621
G1,2.129227811
G1,2.476189858
G1,1.203493064
G1,2.090244943
G1,2.398972739
G1,2.000886727
G1,3.152964522
G1,1.927943449
G1,2.323982205
G1,2.552296231
G1,3.076509316
G1,1.92565514
G1,2.965265501
G1,2.504093224
G1,2.10739654
G1,2.68484139
G1,2.579623878
G1,2.259913249
G1,2.527920834
G1,2.345874561
G1,2.545406938
G1,2.76485227
G1,3.134406726
G1,2.0048738
G1,3.35321335
G1,1.71916488
G1,2.439285962
G1,2.735326883
G1,2.612396747
G1,2.250920192
G1,2.4167511
G1,2.302799626
G1,2.264254097
G1,2.839840839
G1,2.642806194
G1,2.222836162
G1,2.85983995
G1,2.622919808
G1,2.825144848
G1,2.751851537
G1,2.168401996
G1,2.275927584
G1,2.798917442
G1,2.744148106
G1,2.491639362
G1,2.546930953
G1,3.011065958
G1,2.263371444
G1,2.718838952
G1,2.419122939
G1,2.412927519
G1,2.939510741
G1,2.83016654
G1,2.825403854
G1,3.022191523
G1,2.508401537
G1,2.772781189
G1,2.375893297
G1,2.629666541
G1,2.447942778
G1,2.538798386
G1,2.73806281
G1,2.172711727
G1,3.33695491
G1,2.097593047
G1,2.014324555
G1,2.963244349
G1,2.816665078
G1,2.749647927
G1,2.751338204
G1,2.495101291
G1,2.141098251
G1,2.530321823
G1,2.229135315
G1,2.890047893
G1,2.441177047
G1,2.169801121
G1,2.371445663
G1,2.665172582
G1,2.274510179
G1,2.171111842
G1,2.597474885
G1,2.597986628
G1,2.29722273
G1,2.311584678
G1,2.592819975
G1,1.920766263
G1,1.93701449
G1,2.212622311
G1,2.414621139
G1,2.624363026
G1,3.090142487
G1,2.843063849
G1,2.436024588
G1,2.492393517
G1,2.098988254
G1,2.492594746
G1,2.384536544
G1,2.629087424
G1,2.169107623
G1,2.707738606
G1,3.113095565
G1,2.456495941
G1,2.660684689
G1,2.776057597
G1,2.339511811
G1,2.589636993
G1,2.50503696
G1,2.539070439
G1,2.190796086
G1,2.50980407
G1,2.699199316
G1,3.080457443
G1,2.88370833
G1,3.361272983
G1,2.193060975
G1,2.848928255
G1,2.573336802
G1,3.375921173
G1,2.176680686
G1,2.164111263
G1,2.260242942
G1,1.65044171
G1,2.289697991
G1,2.196346935
G1,2.560157515
G1,2.63670239
G1,3.250468336
G1,2.880169535
G1,2.269238538
G1,2.140634131
G1,2.696767669
G1,1.971906717
G1,3.232583506
G1,2.971776048
G1,2.312329739
G1,1.814746188
G1,3.04154895
G1,2.454184062
G1,2.995126525
G1,1.862228936
G1,2.260249991
G1,2.50209748
G1,2.518792238
G1,2.319973811
G1,2.749139973
G1,2.072951828
G1,2.443048206
G1,2.548118253
G1,2.705775534
G1,2.784645951
G1,2.050143163
G1,1.886354332
G1,3.011070729
G1,2.632925605
G1,2.200605385
G1,3.12046079
G1,2.546269854
G1,2.971718874
G1,2.527007393
G1,3.32429917
G1,3.202136337
G1,2.400414341
G1,2.88862838
G1,2.75815038
G1,3.047452623
G1,2.114030616
G1,2.774420584
G1,2.923369795
G1,1.796504205
G1,2.026696595
G1,1.684307129
G1,2.392237266
G1,2.787016902
G1,3.100942821
G1,2.529637912
G1,3.151446218
G1,1.947959417
G1,1.818647024
G1,2.47778092
G1,2.65362618
G1,2.486922101
G1,1.67302316
G1,2.464351984
G1,1.9782122
G1,2.76786902
G1,2.646639298
G1,2.124048085
G1,2.294453233
G1,2.076314591
G1,2.474928361
G1,2.882056928
G1,2.105709581
G1,2.701618606
G1,2.287896953
G1,2.182850867
G1,2.457187856
G1,2.085903071
G1,2.278540278
G1,2.020848843
G1,3.285890053
G1,2.514105421
G1,2.220109797
G1,2.585591964
G1,2.45506878
G1,2.41161216
G1,2.74566668
G1,2.803003084
G1,2.287799541
G1,2.269672704
G1,2.389979321
G1,1.579231534
G1,1.893923575
G1,3.046749707
G1,3.157987085
G1,2.400385584
G1,2.730622785
G1,2.624500062
G1,3.731552323
G1,2.947829965
G1,2.448832963
G1,2.117783824
G1,1.857421472
G1,2.581385454
G1,2.197459702
G1,1.931098516
G1,2.241370846
G1,2.067380799
G1,3.174856654
G1,2.852655903
G1,2.496810943
G1,3.091977656
G1,2.530947323
G1,2.155486319
G1,3.109249631
G1,2.715564017
G1,2.085101538
G1,2.423864529
G1,2.149752699
G1,1.946880108
G2,3.070471019
G2,3.463766656
G2,2.14057297
G2,2.925187695
G2,2.439742972
G2,2.505149846
G2,2.46304243
G2,2.354403692
G2,2.719408651
G2,2.367619953
G2,2.80818273
G2,2.679904756
G2,2.604420781
G2,2.336974535
G2,2.469291468
G2,3.00215649
G2,2.900366875
G2,2.308977902
G2,2.739732922
G2,3.000554849
G2,2.032237888
G2,2.917344077
G2,2.434950496
G2,2.928239467
G2,2.394696337
G2,1.97804716
G2,2.048983025
G2,2.719233979
G2,2.803889001
G2,2.33827335
G2,2.955436984
G2,2.035391975
G2,2.673568081
G2,2.21559352
G2,2.439265557
G2,2.718959469
G2,2.355834654
G2,2.546177782
G2,3.102517124
G2,2.469243252
G2,3.034276845
G2,2.248117258
G2,2.911921671
G2,3.276627448
G2,1.7113422
G2,2.381241898
G2,2.930828851
G2,2.618781846
G2,2.848458349
G2,2.458405925
G2,2.734635915
G2,2.637729106
G2,3.167112825
G2,2.801768337
G2,2.835041065
G2,2.535249214
G2,2.50495751
G2,2.526976725
G2,2.857780857
G2,2.531606208
G2,2.815909943
G2,3.530160319
G2,3.048449881
G2,2.569590587
G2,3.180485569
G2,2.536769851
G2,1.884750186
G2,2.296765476
G2,1.951683232
G2,2.559394606
G2,2.707367352
G2,3.370574925
G2,2.83077095
G2,2.612359788
G2,3.031762232
G2,1.815545876
G2,2.794245823
G2,3.008346078
G2,2.108565502
G2,3.157501617
G2,2.835398563
G2,2.533884834
G2,2.953112746
G2,3.608277143
G2,2.772746502
G2,2.799288235
G2,2.51625564
G2,2.360062252
G2,3.032134327
G2,2.35756647
G2,2.728626495
G2,2.508937021
G2,2.89159193
G2,2.833464842
G2,3.115015978
G2,2.49599344
G2,2.592050026
G2,2.308494514
G2,2.522282696
G2,2.850920197
G2,3.002795447
G2,2.33113387
G2,3.047842368
G2,3.242255144
G2,2.865373961
G2,3.450718325
G2,2.39048432
G2,2.202138119
G2,1.9885119
G2,3.298417725
G2,2.961746263
G2,2.677766132
G2,2.811987451
G2,2.249804381
G2,3.678300792
G2,2.751688473
G2,2.743757918
G2,2.99030665
G2,2.892403693
G2,2.78955361
G2,2.383810218
G2,2.888587343
G2,3.452809799
G2,3.238168018
G2,3.337274651
G2,2.495513729
G2,2.304158072
G2,2.649685232
G2,2.722289965
G2,3.137676607
G2,2.023014148
G2,3.311820128
G2,2.636796841
G2,2.529247572
G2,2.29515825
G2,2.038057331
G2,3.029268234
G2,2.729327187
G2,2.18401564
G2,2.181968491
G2,2.56568612
G2,3.36760861
G2,2.596163459
G2,2.098742819
G2,2.601702774
G2,2.590910572
G2,1.621245343
G2,2.678282053
G2,2.607626188
G2,2.978482546
G2,3.439582438
G2,3.150626012
G2,2.592444524
G2,2.257389637
G2,3.729343921
G2,2.723687374
G2,2.705571717
G2,2.690349965
G2,2.779233904
G2,2.642255835
G2,2.470535197
G2,2.481256424
G2,2.686898692
G2,2.482630092
G2,2.414861687
G2,2.742572091
G2,2.598009113
G2,3.301597195
G2,1.639612077
G2,3.136602741
G2,3.198434077
G2,1.870643907
G2,2.562924962
G2,2.551423654
G2,2.136995322
G2,2.388873325
G2,2.255769662
G2,3.400908177
G2,3.074271357
G2,3.208622038
G2,2.988668826
G2,2.248379292
G2,2.490191893
G2,2.895749824
G2,2.211148876
G2,2.985199372
G2,2.603869841
G2,2.550071677
G2,2.984383987
G2,2.877705325
G2,2.555613534
G2,3.163731921
G2,2.267574669
G2,2.946374243
G2,2.937240503
G2,2.576181424
G2,2.830453209
G2,2.199554569
G2,3.069610808
G2,2.626039145
G2,2.490910792
G2,3.11960369
G2,2.418262524
G2,2.136615481
G2,2.077348331
G2,2.942403981
G2,2.187828259
G2,3.401917673
G2,1.867228237
G2,3.378582547
G2,2.784406987
G2,2.661314755
G2,2.482032365
G2,2.859654446
G2,2.684946119
G2,3.141320753
G2,2.745691059
G2,2.760120705
G2,2.554555115
G2,2.677221751
G2,2.823120708
G2,2.015932643
G2,2.160725831
G2,2.997305638
G2,2.768346175
G2,2.626406665
G2,2.707373573
G2,2.839032682
G2,2.484096128
G2,2.38867811
G2,2.778338102
G2,2.308650889
G2,2.863301102
G2,2.018966558
G2,3.111662255
G2,2.889038993
G2,2.802411894
G2,3.093076394
G2,3.366189778
G2,3.105748026
G2,1.963650307
G2,2.188169213
G2,2.450072569
G2,2.71043642
G2,2.907063608
G2,2.409702475
G2,2.774706706
G2,2.397846827
G2,2.455392879
G2,2.137335561
G2,2.330706702
G2,2.159326158
G2,2.309650699
G2,3.121456719
G2,2.320240444
G2,3.752952826
G2,2.89732716
G2,2.773934449
G2,2.356656888
G2,2.980123952
G2,2.46974487
G2,2.748803926
G2,3.724033815
G2,2.66157604
G2,3.159709331
G2,2.41872943
G2,2.686004604
G2,3.408320254
G2,2.449213177
G2,3.424979423
G2,2.983100774
G2,2.47501329
G2,2.952963096
G2,3.08902178
G2,2.948723985
G2,2.071910112
G2,2.40914513
G2,2.600992546
G2,2.670226628
G2,2.948268839
G2,2.7710804
G2,2.165862257
G2,2.85207914
G2,2.944234298
G2,2.923916179
G2,3.13231229
G2,3.033568862
G2,2.883672032
G2,2.671933715
G2,2.035615627
G2,2.871847288
G2,2.783075075
G2,2.808631535
G2,2.18930057
G2,2.267577384
G2,3.121261141
G2,2.684177938
G2,2.972600279
G2,2.71132735
G2,2.711902456
G2,3.075313522
G2,2.493582109
G2,2.738448311
G2,2.515089885
G2,2.526201509
G2,2.576331151
G2,2.788853509
G2,2.508500551
G2,3.20230245
G2,2.342157079
G2,2.625251342
G2,2.524107577
G2,3.278791154
G2,2.778621911
G2,3.112737816
G2,2.105775851
G2,2.806820106
G2,3.055852318
G2,2.732913596
G2,3.12619215
G2,2.49308462
G2,3.263738976
G2,3.619559249
G2,2.554864576
G2,2.521798991
G2,3.281353791
G2,3.331828858
G2,2.490855989
G2,2.531925273
G2,2.587286156
G2,2.162219796
G2,2.332539221
G2,2.298343693
G2,2.392880974
G2,2.686126045
G2,2.793685893
G2,3.320200197
G2,2.300658384
G2,3.093728959
G2,2.614404462
G2,2.680214516
G2,2.969927797
G2,2.250911191
G2,2.852963898
G2,2.766580883
G2,2.896980506
G2,2.815667458
G2,3.682120056
G2,2.444904006
G2,2.487601218
G2,2.450743789
G2,2.477809152
G2,2.445045149
G2,3.175606612
G2,3.268201699
G2,2.471701483
G2,2.367057771
G2,2.888566223
G2,2.479110782
G2,2.953172727
G2,2.781169208
G2,2.093702354
G2,3.319002081
G2,3.418351069
G2,2.454884524
G2,2.544919376
G2,2.814346156
G2,2.833782716
G2,2.963417709
G2,3.504081816
G2,2.629221109
G2,2.380681102
G2,2.148272309
G2,2.407627984
G2,2.686749211
G2,3.417823145
G2,2.49295548
G2,2.789515181
G2,2.693430842
G2,3.175357309
G2,3.71077297
G2,2.487652491
G2,2.504224223
G2,3.117664351
G2,2.972756596
G2,3.43868293
G2,2.933571274
G2,2.556283164
G2,2.936261932
G2,3.143481432
G2,3.028192872
G2,2.902909612
G2,3.126669876
G2,3.167718236
G2,3.252863596
G2,2.959483955
G2,2.633152768
G2,2.758685475
G2,3.182603587
G2,2.373225732
G2,2.847469324
G2,2.542664475
G2,2.711497929
G2,3.211380745
G2,2.776439627
G2,2.718574619
G2,2.156057544
G2,2.998501426
G2,2.958193672
G2,3.565301889
G2,2.576888706
G2,2.787660131
G2,2.799753473
G2,3.330981312
G2,2.661881787
G2,2.81160861
G2,2.943158604
G2,2.774643649
G2,2.521426554
G2,2.777635997
G2,3.1294527
G2,2.28939388
G2,2.75318787
G2,2.419951674
G2,3.178018652
G2,2.090725238
G2,2.476431261
G2,2.85088475
G2,3.326209612
G2,2.673699896
G2,2.477920189
G2,3.452462828
G2,2.12079444
G2,1.820477617
G2,2.87600578
G2,2.49917831
G2,2.291506873
G2,2.983342579
G2,2.797520286
G2,2.474368548
G2,2.187878241
G2,3.048982931
G2,2.960080471
G2,2.660329654
G2,3.438654798
G2,2.271966093
G2,2.089789932
G2,2.423236772
G2,2.681765593
G2,2.79733578
G2,2.603505577
G2,2.840822159
G2,2.19938423
G2,3.277505842
G2,2.667139529
G2,3.146918333
G2,2.837090139
G2,2.882701288
G2,2.927906912
G2,2.879083424
G2,2.957089104
G2,3.231661012
G2,2.778608468
G2,2.983601503
G2,2.664105722
G2,3.276046886
G2,2.429443079
G2,3.420376173
G2,2.68393682
G2,2.127689959
G2,2.751241766
G2,2.427579337
G2,3.03625742
G2,2.438950408
G2,2.521526627
G2,1.944183708
G2,2.519077472
G2,1.730448269
G2,2.066438871
G2,3.004165862
G2,3.014320063
G2,2.870183025
G2,2.313209543
G2,2.680915458
G2,2.698558984
G2,2.236654124
G2,3.301359321
G2,3.050944916
G2,2.61161433
G2,2.710754336
G2,2.783353123
G2,1.883306053
G2,2.601129047
G2,2.427206301
G2,2.299351996
G2,2.587559883
G2,3.419074611
G2,2.956337145
G2,2.471528404
G2,2.929033113
G3,3.559742175
G3,3.369853473
G3,3.023852148
G3,2.741225289
G3,3.279289325
G3,3.157394154
G3,3.358077288
G3,3.254068721
G3,3.419821086
G3,2.785905915
G3,3.526957626
G3,3.079039842
G3,3.830104349
G3,2.724324873
G3,3.694385521
G3,3.079164313
G3,2.739432799
G3,2.806445666
G3,2.871861077
G3,3.169666379
G3,3.209134195
G3,2.770519998
G3,2.990258163
G3,3.856908143
G3,3.691017268
G3,3.174529468
G3,3.015201391
G3,3.048012531
G3,3.245407189
G3,2.590882974
G3,2.897049385
G3,2.33256637
G3,3.159689249
G3,3.258878376
G3,2.806725415
G3,3.629594705
G3,2.509693735
G3,2.414250048
G3,3.089780727
G3,3.418839321
G3,3.673571077
G3,2.816446295
G3,3.431472333
G3,2.984596612
G3,2.93094908
G3,3.353463975
G3,3.260929151
G3,2.369443137
G3,3.59061614
G3,3.552036542
G3,2.749774919
G3,3.158321413
G3,3.197612075
G3,3.104269506
G3,2.779877938
G3,2.731350653
G3,2.989778372
G3,3.469091608
G3,3.217440062
G3,2.851754267
G3,3.308679484
G3,1.860582952
G3,3.45950628
G3,2.304114488
G3,2.855023623
G3,2.552132042
G3,2.48212741
G3,3.464330715
G3,2.812919519
G3,3.138601553
G3,2.981231768
G3,3.190816331
G3,3.030728756
G3,2.48680311
G3,3.398506728
G3,2.802497367
G3,2.377367241
G3,2.828753936
G3,3.600303916
G3,3.340088697
G3,2.860539146
G3,2.860296918
G3,2.87134598
G3,3.830699193
G3,3.152774181
G3,3.172016659
G3,3.412113382
G3,3.095515664
G3,2.896383142
G3,2.92146006
G3,2.971359496
G3,2.985111105
G3,3.291051817
G3,3.020778354
G3,3.293056031
G3,2.967713368
G3,3.031454076
G3,2.200719726
G3,3.36653107
G3,3.13859539
G3,3.399204044
G3,1.841497849
G3,3.835349882
G3,2.944164149
G3,3.443273127
G3,2.584037629
G3,3.245109562
G3,2.578633775
G3,2.750492416
G3,3.765612542
G3,2.92372704
G3,3.086973149
G3,3.348027092
G3,3.198272755
G3,3.060167562
G3,3.145984401
G3,3.961366234
G3,2.976952481
G3,3.080439619
G3,3.420261758
G3,3.442210373
G3,3.474812122
G3,3.255492089
G3,2.542798035
G3,3.653372613
G3,2.541461843
G3,3.121054186
G3,2.69828966
G3,2.974344661
G3,3.131504964
G3,3.128542886
G3,3.168768302
G3,3.645484508
G3,3.181413721
G3,2.902337346
G3,3.385634867
G3,3.475788196
G3,2.508956874
G3,3.238960028
G3,3.280469097
G3,2.880974599
G3,3.550282725
G3,2.939977765
G3,3.050230581
G3,2.93077127
G3,3.006231619
G3,2.561489965
G3,2.423979647
G3,3.637802025
G3,2.661215461
G3,2.60344306
G3,2.138643955
G3,2.744415301
G3,2.470764083
G3,3.656806064
G3,3.403926836
G3,2.724739862
G3,3.900974322
G3,3.392706195
G3,2.870067447
G3,2.000237714
G3,3.916377029
G3,2.444171013
G3,2.341840501
G3,3.409028173
G3,3.975900963
G3,3.553709127
G3,3.225563648
G3,3.237901737
G3,3.341366224
G3,3.303571436
G3,3.11247657
G3,3.041680442
G3,2.974962749
G3,2.698414164
G3,2.887729969
G3,2.322817274
G3,2.960664149
G3,2.604563557
G3,2.558564273
G3,3.07195766
G3,3.556800915
G3,3.367326642
G3,2.371799759
G3,2.604148745
G3,3.376308475
G3,2.607005043
G3,2.91014674
G3,3.22002084
G3,2.612662218
G3,3.042150202
G3,2.466389802
G3,2.759452942
G3,3.127912774
G3,2.362802507
G3,3.176189895
G3,2.99214488
G3,3.220995982
G3,3.089565654
G3,3.545656172
G3,3.050089801
G3,2.828237784
G3,3.048919001
G3,3.217319212
G3,3.019544028
G3,3.016236676
G3,2.719203325
G3,2.734839633
G3,2.438957891
G3,3.699830697
G3,2.502454706
G3,2.722837921
G3,2.712637094
G3,3.357969751
G3,2.882020129
G3,3.499096829
G3,2.73060375
G3,3.111597665
G3,2.665861179
G3,3.858059651
G3,2.524960632
G3,3.123928284
G3,3.253510752
G3,3.165519639
G3,2.925884936
G3,2.94807172
G3,3.017524589
G3,2.941199199
G3,3.385551647
G3,3.884209201
G3,2.777003286
G3,2.452078808
G3,2.964687181
G3,4.031883735
G3,2.678530173
G3,3.655646722
G3,3.671080326
G3,2.778564703
G3,3.227593232
G3,3.651358649
G3,2.848348904
G3,2.918567856
G3,2.767327634
G3,2.594097308
G3,2.740288982
G3,2.510423893
G3,3.013633387
G3,2.692010708
G3,3.093514365
G3,2.377641742
G3,3.132352093
G3,3.333411585
G3,2.202505743
G3,3.149622628
G3,3.491067597
G3,2.516143593
G3,3.669028955
G3,3.167607604
G3,2.717995258
G3,2.977692369
G3,3.223330765
G3,3.030402157
G3,3.215502397
G3,2.631730563
G3,3.06774433
G3,2.434514201
G3,2.955509575
G3,2.638436943
G3,2.705788023
G3,3.49443727
G3,3.436524048
G3,3.243655248
G3,2.563074894
G3,2.87343662
G3,3.48523908
G3,3.056686765
G3,3.927731816
G3,3.157327136
G3,3.076819647
G3,2.876353414
G3,3.053416362
G3,2.939012065
G3,3.283243471
G3,3.382680927
G3,2.685604216
G3,2.467506819
G3,2.265517851
G3,3.203196531
G3,2.558653358
G3,2.138843763
G3,3.155431442
G3,3.997199807
G3,2.997571635
G3,3.33539631
G3,3.032731743
G3,2.960444139
G3,3.367630593
G3,2.883890182
G3,3.106956926
G3,3.128679122
G3,2.732763819
G3,3.39681694
G3,2.930016097
G3,2.697701936
G3,3.214603937
G3,2.640612807
G3,3.011272463
G3,2.996352401
G3,3.434358226
G3,3.189879293
G3,2.989989217
G3,3.32710652
G3,3.55608302
G3,3.223124123
G3,3.004141048
G3,2.475265507
G3,2.573954535
G3,2.877910118
G3,2.756195119
G3,2.925211479
G3,3.02265997
G3,3.211877102
G3,2.971800489
G3,3.194600658
G3,3.025789766
G3,2.209813373
G3,2.624265842
G3,2.942364978
G3,2.516122103
G3,3.239971492
G3,3.612300333
G3,3.487504741
G3,2.914622852
G3,3.596290455
G3,3.059466983
G3,2.865165612
G3,2.754638935
G3,2.879012125
G3,2.844729273
G3,3.068166489
G3,3.064229592
G3,3.001218408
G3,3.174775268
G3,3.47625851
G3,3.379821654
G3,2.406040813
G3,1.978431546
G3,3.373727964
G3,2.453248521
G3,2.910093839
G3,2.53195479
G3,2.279207825
G3,3.216585091
G3,3.303662064
G3,2.76939584
G3,1.963583083
G3,2.781502221
G3,3.156721602
G3,2.408435372
G3,3.073343968
G3,2.99387606
G3,3.2317166
G3,3.047832147
G3,2.610772424
G3,3.478628601
G3,2.936588171
G3,2.989078184
G3,2.626692816
G3,2.8226871
G3,2.646078914
G3,2.930821576
G3,3.684683392
G3,2.451239543
G3,2.354575441
G3,3.588468131
G3,2.916270529
G3,2.732370905
G3,3.415961875
G3,2.757753784
G3,3.730403885
G3,3.271170349
G3,2.804835437
G3,3.862923285
G3,2.757714031
G3,3.296838149
G3,3.119717032
G3,3.520696516
G3,3.624604479
G3,3.01280166
G3,2.698632852
G3,3.183988857
G3,2.728913852
G3,3.805354899
G3,3.054614132
G3,2.853871379
G3,3.073872122
G3,2.461149484
G3,2.611354385
G3,3.480165563
G3,2.737242288
G3,2.581235607
G3,3.214661101
G3,3.474281662
G3,3.287581324
G3,3.398419074
G3,2.697281965
G3,2.431275733
G3,3.600533461
G3,2.870928064
G3,2.899666793
G3,3.531277657
G3,3.222492004
G3,3.182355109
G3,3.866000938
G3,2.742592708
G3,3.371136051
G3,3.02280525
G3,3.107436912
G3,3.611387371
G3,3.203134303
G3,3.215318432
G3,3.429002935
G3,2.854018908
G3,2.664316133
G3,2.582076322
G3,2.213457364
G3,3.822482852
G3,2.558716654
G3,2.911498551
G3,2.88927468
G3,3.122962679
G3,3.326294885
G3,3.344189395
G3,2.766769025
G3,2.933151314
G3,3.11303198
G3,2.90052355
G3,3.64293823
G3,3.196389981
G3,3.293951114
G3,3.265152507
G3,3.469389543
G3,3.072408623
G3,2.481267221
G3,3.159875181
G3,2.739457242
G3,2.788553327
G3,3.234545608
G3,3.495313229
G3,3.008508631
G3,3.123533205
G3,3.680885978
G3,3.096301272
G3,4.040673246
G3,3.226203858
G3,2.295694896
G3,3.301336648
G3,3.152463354
G3,3.515901102
G3,3.269272541
G3,2.944617606
G3,2.510280705
G3,2.916390697
G3,2.659791818
G3,2.76779062
G3,3.235431362
G3,3.667961802
G3,3.157868612
G3,2.521646775
G3,3.177841067
G3,3.478652595
G3,2.756086838
G3,2.946393133
G3,3.005875278
G3,2.686040675
G3,3.259312174
G3,2.951620741
G3,3.167812978
G3,2.645003129
G3,2.82501668
G3,3.288952543
G3,2.850866739
G3,3.69078554
G3,2.840145526
G3,3.08987389
G3,3.373036333
G3,2.432653707
G3,2.295676475
G3,2.389737474
G3,3.505033641
G3,2.779256742
G3,4.023279714
G3,2.774300961
G3,3.073820521
G3,3.616843981
G3,3.802437155
G3,3.824601431
G3,3.483346492
G3,3.40962501
G3,3.23701078
G4,3.21134443
G4,2.679525713
G4,2.572720447
G4,2.898650217
G4,2.831926151
G4,2.71870878
G4,3.178554979
G4,3.282122083
G4,2.935362755
G4,3.491012032
G4,2.443324354
G4,2.822536216
G4,2.613271072
G4,2.153385353
G4,2.866927726
G4,2.851300997
G4,3.505379897
G4,3.152324674
G4,2.49032527
G4,3.641637027
G4,3.388413478
G4,3.132839081
G4,2.80940636
G4,2.516224305
G4,2.75111729
G4,3.335499448
G4,3.653834522
G4,3.517297411
G4,2.704460231
G4,2.452153027
G4,2.956354499
G4,2.192624254
G4,3.029267086
G4,2.840958965
G4,2.713585399
G4,2.262118773
G4,3.105440043
G4,2.686919664
G4,2.432033266
G4,1.751095115
G4,2.888994038
G4,3.608900639
G4,3.564503686
G4,2.717161497
G4,2.659115176
G4,3.087509702
G4,2.500645824
G4,3.02071676
G4,3.206432111
G4,3.39077329
G4,2.859938369
G4,2.8185305
G4,2.548806965
G4,2.569247858
G4,2.809408443
G4,3.046946203
G4,3.26543385
G4,2.57872842
G4,3.497075428
G4,2.79155056
G4,2.891453082
G4,2.601115328
G4,1.930303896
G4,3.253618159
G4,3.194737559
G4,2.787468977
G4,2.926796287
G4,3.106375687
G4,2.274981657
G4,2.688378929
G4,3.217705872
G4,2.398284231
G4,3.017423173
G4,2.357367278
G4,3.086571993
G4,2.885743407
G4,2.253947274
G4,3.365895742
G4,2.606163369
G4,2.575899025
G4,2.980227679
G4,3.35945494
G4,2.493671272
G4,2.92467194
G4,3.0715266
G4,3.177242243
G4,2.970576622
G4,2.753188864
G4,2.568963912
G4,2.934457553
G4,2.471144395
G4,1.731459807
G4,3.074623922
G4,3.261573936
G4,1.954827026
G4,2.496107718
G4,3.147661704
G4,3.722998188
G4,2.908317483
G4,2.608798824
G4,2.826841424
G4,3.449950568
G4,2.641614328
G4,2.580323197
G4,2.706902591
G4,2.518668557
G4,2.949068126
G4,3.549871383
G4,3.029231709
G4,2.799058599
G4,2.783275492
G4,2.274723677
G4,3.253243911
G4,2.868865121
G4,2.827808035
G4,4.177243027
G4,3.019501163
G4,2.59928358
G4,2.729456962
G4,3.359378284
G4,2.945308164
G4,2.324688809
G4,3.267691574
G4,2.632742366
G4,3.64931911
G4,3.332019226
G4,2.721071242
G4,3.412406545
G4,2.927142204
G4,3.24110947
G4,3.093893127
G4,2.561457338
G4,2.642580067
G4,3.311984327
G4,2.766089867
G4,2.738540615
G4,2.517950968
G4,3.069439626
G4,3.725009968
G4,2.472986834
G4,2.909687783
G4,3.464888222
G4,2.868143444
G4,3.080948718
G4,2.475042589
G4,3.071322839
G4,2.825142294
G4,3.294291998
G4,3.374954421
G4,3.935825457
G4,3.131853269
G4,3.030318527
G4,2.977753721
G4,2.758733483
G4,3.035393537
G4,2.781839436
G4,2.967384391
G4,3.427039014
G4,2.497382974
G4,3.355951424
G4,3.426846027
G4,2.852772589
G4,2.05125804
G4,2.656871205
G4,3.418797819
G4,2.890852775
G4,2.500279107
G4,2.698090032
G4,3.236248011
G4,3.118693427
G4,2.80442716
G4,2.753270235
G4,2.74329674
G4,2.531035926
G4,3.546150276
G4,2.771071812
G4,3.386863408
G4,3.508526421
G4,3.299324359
G4,2.727351875
G4,3.061492036
G4,2.890321757
G4,2.538519256
G4,3.029743713
G4,2.428384084
G4,3.375071755
G4,2.714153081
G4,2.980463862
G4,3.013315149
G4,2.796438011
G4,3.134677521
G4,2.710038537
G4,3.248518919
G4,2.361608128
G4,2.950551832
G4,3.6755716
G4,2.49986747
G4,2.628902012
G4,3.10556314
G4,2.971832713
G4,3.04025204
G4,3.095674852
G4,3.153888587
G4,3.343879937
G4,3.063927463
G4,2.803496938
G4,3.16902948
G4,3.659952774
G4,2.846946501
G4,2.510188278
G4,3.342832268
G4,2.851847534
G4,2.030932182
G4,3.238968671
G4,2.685868726
G4,2.863786687
G4,3.032792132
G4,2.976199872
G4,3.183780727
G4,2.725805452
G4,3.105242319
G4,2.796181329
G4,3.195524192
G4,3.146146994
G4,2.525824519
G4,3.334392846
G4,2.685614622
G4,3.223223119
G4,3.046914925
G4,3.635273471
G4,2.810613607
G4,2.760273282
G4,2.892232158
G4,2.778728087
G4,3.219976761
G4,2.253475757
G4,2.478527032
G4,2.472878831
G4,3.280123037
G4,3.584245349
G4,2.858220313
G4,2.832471311
G4,2.928020865
G4,3.364751321
G4,2.529058746
G4,2.995347593
G4,3.290079052
G4,3.100437668
G4,2.975832647
G4,3.300418437
G4,1.818707083
G4,3.171150128
G4,2.638369727
G4,2.167746841
G4,3.10448104
G4,3.449463418
G4,2.845020594
G4,3.281149819
G4,3.544911303
G4,3.425965781
G4,3.555985812
G4,3.196850996
G4,2.930173456
G4,2.259213675
G4,2.801575005
G4,2.562701362
G4,3.768377087
G4,2.829645675
G4,2.949281923
G4,3.12059415
G4,2.917440979
G4,3.578020416
G4,2.650940255
G4,2.977842982
G4,2.603011766
G4,2.371990996
G4,2.655292364
G4,2.885185281
G4,2.72827911
G4,2.623031608
G4,2.337473015
G4,2.866757771
G4,2.29811185
G4,3.204022385
G4,2.932975901
G4,2.3169794
G4,2.776316369
G4,2.599137438
G4,3.027669804
G4,3.436180178
G4,2.149931012
G4,2.946010432
G4,2.835946882
G4,3.168536031
G4,2.985278651
G4,2.599212267
G4,2.772378426
G4,2.581589657
G4,3.330402855
G4,2.908524659
G4,3.660476274
G4,2.875735674
G4,2.616637293
G4,2.294514243
G4,2.178744129
G4,2.266345623
G4,3.00685066
G4,3.103490009
G4,2.267523719
G4,3.258015326
G4,2.706775579
G4,2.958717205
G4,3.544888251
G4,3.258735726
G4,2.792587741
G4,2.54352311
G4,2.039273839
G4,2.612338672
G4,2.815547904
G4,2.505128189
G4,2.847497213
G4,2.930740753
G4,2.810057607
G4,2.639998968
G4,2.967461869
G4,3.07677626
G4,2.463840369
G4,3.464372952
G4,2.860564747
G4,2.907539849
G4,3.183285769
G4,2.993286453
G4,3.281254654
G4,3.014849666
G4,2.65502505
G4,3.04460141
G4,2.442509517
G4,2.943423882
G4,2.886708004
G4,2.816753257
G4,2.848584995
G4,2.147260382
G4,2.680510037
G4,2.93713796
G4,2.963942557
G4,2.488929944
G4,3.406283136
G4,2.553530061
G4,3.28778288
G4,3.070877745
G4,2.641509076
G4,3.610124357
G4,2.422545267
G4,3.267661669
G4,3.300232927
G4,2.631751916
G4,3.45698612
G4,2.799981394
G4,3.015477452
G4,3.004128736
G4,2.846276503
G4,3.224323309
G4,3.217395488
G4,2.200587211
G4,3.421736097
G4,2.235003205
G4,3.313018482
G4,3.350682055
G4,2.463613428
G4,2.735674285
G4,2.457718133
G4,2.814031588
G4,2.776786286
G4,3.211864213
G4,3.424123498
G4,3.458273524
G4,2.675132789
G4,2.816311251
G4,2.226624723
G4,2.577651973
G4,3.285940653
G4,3.546233129
G4,2.406260451
G4,2.663014296
G4,2.889437697
G4,3.012064464
G4,2.576158592
G4,3.069624418
G4,2.710464261
G4,2.894219092
G4,3.118513699
G4,2.902568908
G4,2.725445644
G4,2.856156078
G4,2.864654816
G4,2.751995588
G4,2.796481575
G4,3.539458868
G4,3.124367779
G4,2.781807873
G4,3.178781762
G4,2.766472204
G4,3.369249855
G4,3.047856877
G4,2.857079142
G4,3.07908677
G4,2.271649539
G4,2.449293012
G4,2.422429997
G4,2.957177238
G4,3.593006
G4,3.792520058
G4,3.155220441
G4,3.10033779
G4,2.179576906
G4,2.68293048
G4,2.584886499
G4,2.651660961
G4,2.832742473
G4,2.711163769
G4,2.108280076
G4,3.199164102
G4,2.47090279
G4,2.995698746
G4,3.729633068
G4,2.532246163
G4,1.887884991
G4,2.785598311
G4,3.340383854
G4,3.683338982
G4,2.408180162
G4,3.098679689
G4,2.713875817
G4,2.857620658
G4,3.957737339
G4,2.298811869
G4,3.001495865
G4,3.087077269
G4,3.33431453
G4,2.939193261
G4,3.023220216
G4,2.743340573
G4,3.007650776
G4,2.76272309
G4,3.148628756
G4,2.752155866
G4,3.050840158
G4,2.888294875
G4,3.3504201
G4,2.879442511
G4,2.190787013
G4,3.4047686
G4,2.53770708
G4,2.638493465
G4,2.661735482
G4,3.449775237
G4,2.045730314
G4,4.155099413
G4,3.322422724
G4,2.989295566
G4,2.8780424
G4,3.01422163
G4,3.108448971
G4,3.158086234
G4,3.122241786
G4,2.935832273
G4,2.821064632
G4,2.839490687
G4,2.822036688
G4,3.353508039
G4,3.137422689
G4,1.723844546
G4,3.162360311
G4,2.977894478
G4,2.892516497
G4,2.744592619
G4,3.349645088
G4,3.279010585
G4,2.590848933
G4,3.062820915
G4,2.511337306
G4,2.348152734
G4,2.64931311
G4,3.244957389
G4,3.281250018
G4,3.105234168
G4,3.190038315
G4,3.106471315
G4,2.643407362
G4,3.072769018
G4,3.22016381
G4,3.201716532
G4,3.375565349
G4,3.183321539
G4,3.040579283
G4,3.328060095
G4,2.889391496
G4,2.54725014
G4,2.834773214
G4,2.602038942
G5,2.12992869
G5,2.342192532
G5,2.083032032
G5,2.276815388
G5,1.642554133
G5,2.485317483
G5,2.40048219
G5,2.073164548
G5,2.663698267
G5,2.775028055
G5,1.756976054
G5,2.094910089
G5,2.09234306
G5,2.02403876
G5,2.731789937
G5,2.322469544
G5,2.294194063
G5,1.598455054
G5,2.654167212
G5,1.904296642
G5,2.423973052
G5,2.510950775
G5,2.944263438
G5,1.87647184
G5,1.192195138
G5,2.473539818
G5,3.120204473
G5,2.895578541
G5,2.483863766
G5,2.203345526
G5,2.722849039
G5,2.01058152
G5,2.590543108
G5,2.602188064
G5,2.824083963
G5,3.503864016
G5,2.556966387
G5,2.19641455
G5,2.389770275
G5,1.692369638
G5,2.122114748
G5,2.236287025
G5,2.190364641
G5,2.460941949
G5,2.071032027
G5,2.848412267
G5,2.400082826
G5,2.396279872
G5,2.268842113
G5,2.462076274
G5,2.730039306
G5,2.053147914
G5,2.136753404
G5,2.278509588
G5,1.861651631
G5,2.072296856
G5,2.209511651
G5,2.749755672
G5,2.505024532
G5,2.477435965
G5,2.740359185
G5,2.345051285
G5,2.55618594
G5,2.358711299
G5,2.50614494
G5,2.166896537
G5,1.424473137
G5,2.346288335
G5,2.969099254
G5,2.770486161
G5,2.786158994
G5,2.894452289
G5,2.435463036
G5,2.478926283
G5,2.152939242
G5,2.273570858
G5,2.64630846
G5,2.881553775
G5,2.34422149
G5,2.219924294
G5,2.400211184
G5,2.6404827
G5,1.822458074
G5,1.481527619
G5,2.17978526
G5,1.91171503
G5,2.196743921
G5,2.340887872
G5,2.218700636
G5,2.980987014
G5,2.530697906
G5,2.520189744
G5,2.648882858
G5,1.944466753
G5,2.815644715
G5,2.369694285
G5,2.668192247
G5,1.971257107
G5,1.778496494
G5,2.727155863
G5,2.55056381
G5,2.039179378
G5,2.052134767
G5,2.850173914
G5,1.924235243
G5,3.057069181
G5,2.039751706
G5,2.65535677
G5,2.26855261
G5,2.641274972
G5,2.182354399
G5,2.334882838
G5,2.41636767
G5,1.999125018
G5,2.696329738
G5,2.194714573
G5,2.308560034
G5,2.00226025
G5,1.375066536
G5,2.323588895
G5,3.365046169
G5,2.713841715
G5,2.392295848
G5,2.294843668
G5,2.408986357
G5,2.618847646
G5,1.927674874
G5,2.845728678
G5,2.686152526
G5,2.68727429
G5,2.575390296
G5,2.407846663
G5,2.669144494
G5,2.636725653
G5,2.258383716
G5,2.170559291
G5,2.440742518
G5,3.019608061
G5,1.90435717
G5,1.812989894
G5,2.465904336
G5,2.420355081
G5,2.469336666
G5,2.497581279
G5,2.310719098
G5,2.995945375
G5,1.759638409
G5,2.06860119
G5,2.358698096
G5,1.742724476
G5,2.329658238
G5,3.064588066
G5,2.408354595
G5,2.492280362
G5,1.895934094
G5,2.153455437
G5,2.249921448
G5,2.272913961
G5,2.912657518
G5,2.623076424
G5,1.955416817
G5,2.498601911
G5,2.599288699
G5,2.856059615
G5,3.032216275
G5,1.993962323
G5,2.075656996
G5,1.896968856
G5,2.306392056
G5,2.58654335
G5,2.794933807
G5,2.369619591
G5,2.272060991
G5,2.460703197
G5,2.065942839
G5,3.235815489
G5,1.756935589
G5,2.473896232
G5,3.209442488
G5,2.402719938
G5,2.323984386
G5,2.257021831
G5,2.327843327
G5,2.94913939
G5,1.515255235
G5,3.013373481
G5,1.830417139
G5,2.293339068
G5,2.228302232
G5,2.635421308
G5,1.760750259
G5,2.584869066
G5,3.209723849
G5,1.854730398
G5,2.475882467
G5,2.135207129
G5,2.570354882
G5,2.407659111
G5,2.143405236
G5,2.595148914
G5,3.121739244
G5,2.323638483
G5,2.687903177
G5,1.882690817
G5,2.017425449
G5,2.588962511
G5,2.993646411
G5,2.54224534
G5,2.274776788
G5,2.399716562
G5,1.899836906
G5,2.641806131
G5,2.752933225
G5,2.219163867
G5,2.211983141
G5,2.506351292
G5,2.225312106
G5,2.373546954
G5,3.239888716
G5,2.30118972
G5,2.256663939
G5,2.140983278
G5,2.697676789
G5,2.327510331
G5,2.140250785
G5,2.928521613
G5,2.967841202
G5,2.159830574
G5,1.653384019
G5,2.803005476
G5,2.12614807
G5,2.71625024
G5,1.611958473
G5,2.757038935
G5,1.915531228
G5,2.692305648
G5,2.405709227
G5,2.018424232
G5,2.237185475
G5,2.674527383
G5,2.442357781
G5,2.633765192
G5,3.190576234
G5,1.774303355
G5,3.04688503
G5,2.441742375
G5,2.040486381
G5,1.86787455
G5,2.324351844
G5,2.768660045
G5,2.348980352
G5,3.004461972
G5,1.819529724
G5,2.395164421
G5,1.899042622
G5,2.545452753
G5,2.754754956
G5,2.231695283
G5,1.358314457
G5,2.479579259
G5,2.574695421
G5,2.561717902
G5,2.894312877
G5,1.971578528
G5,2.672086442
G5,2.877003005
G5,1.688564966
G5,2.52786073
G5,2.198328068
G5,2.367390931
G5,2.539070593
G5,2.205108574
G5,2.129716768
G5,2.413660967
G5,1.965101624
G5,1.965669948
G5,2.671749313
G5,1.940482386
G5,2.666525
G5,2.585036517
G5,1.709677308
G5,2.128974139
G5,2.877643761
G5,2.007533788
G5,2.214238295
G5,2.584824357
G5,2.713356204
G5,2.299384446
G5,2.160995922
G5,2.968947945
G5,3.095559866
G5,2.79154322
G5,2.434127257
G5,2.076693711
G5,2.067822237
G5,2.609005642
G5,2.567359288
G5,2.960639437
G5,2.660180037
G5,1.798767879
G5,2.820779047
G5,2.000775749
G5,2.246411491
G5,2.500080083
G5,3.198266996
G5,3.643967422
G5,2.642689224
G5,2.326721353
G5,2.613802259
G5,2.75506217
G5,2.27173295
G5,3.118084542
G5,2.492028304
G5,2.599097236
G5,2.666369701
G5,2.568634644
G5,2.7355762
G5,2.153098725
G5,2.176679298
G5,1.959938307
G5,2.575800492
G5,2.711574601
G5,2.583109146
G5,3.069796973
G5,2.397761592
G5,2.667496662
G5,1.96331965
G5,2.245160119
G5,2.678215103
G5,2.739640844
G5,2.282413221
G5,2.371360299
G5,1.792850501
G5,2.25718832
G5,2.756153265
G5,2.630082006
G5,2.600266289
G5,2.419909475
G5,2.402825263
G5,2.135871544
G5,2.679531368
G5,2.568389178
G5,2.596807539
G5,2.189586063
G5,1.538662832
G5,2.838861085
G5,2.208465018
G5,2.054889694
G5,2.677391565
G5,2.243194944
G5,2.823974554
G5,2.64680238
G5,2.673427729
G5,1.853617716
G5,2.884777594
G5,2.504500212
G5,2.252289144
G5,2.457355387
G5,1.689505907
G5,2.563461125
G5,1.988251397
G5,1.858931886
G5,1.791056326
G5,2.84507535
G5,2.148294643
G5,3.013491084
G5,2.185679415
G5,1.717056817
G5,1.953390224
G5,2.894324648
G5,2.337640729
G5,2.180685081
G5,2.46400729
G5,2.600713094
G5,2.846959526
G5,2.979399692
G5,2.256092542
G5,1.869580926
G5,2.234613936
G5,2.504112203
G5,2.01449643
G5,2.017139634
G5,2.537515153
G5,2.380539059
G5,2.413118798
G5,2.096601866
G5,2.307839714
G5,2.030306742
G5,2.756079364
G5,2.814099734
G5,1.661524855
G5,2.028195656
G5,1.801388298
G5,2.139990426
G5,2.366624812
G5,1.820141912
G5,2.031256075
G5,1.998417051
G5,2.482906932
G5,2.427737735
G5,2.111304979
G5,2.470728349
G5,2.181327966
G5,2.291337956
G5,3.069380836
G5,2.936184421
G5,1.880167505
G5,2.731892967
G5,2.724558622
G5,1.940694684
G5,2.727511058
G5,3.015172767
G5,1.950982078
G5,2.032998872
G5,2.807064587
G5,2.508598124
G5,2.62059051
G5,2.536235687
G5,2.556278368
G5,1.869411149
G5,2.818927083
G5,2.867835997
G5,2.308243702
G5,2.38260922
G5,1.787556999
G5,2.605701902
G5,2.628822977
G5,2.375123593
G5,2.849741344
G5,2.266369108
G5,2.62584237
G5,1.992134265
G5,2.39057914
G5,2.330258297
G5,2.490123169
G5,2.252189228
G5,2.347410962
G5,2.730418869
G5,2.225294305
G5,1.75736916
G5,3.099833562
G5,2.952581631
G5,1.883094922
G5,2.675883122
G5,2.198810092
G5,2.505394886
G5,2.517689652
G5,2.30623688
G5,2.086493734
G5,2.123783579
G5,2.033523234
G5,2.067271117
G5,2.373128684
G5,2.113696004
G5,2.672820826
G5,2.994898462
G5,2.167978703
G5,2.4957618
G5,2.599874044
G5,2.588800908
G5,2.430382107
G5,2.697072967
G5,2.592899581
G5,1.904935031
G5,2.747662426
G5,2.754916335
G5,2.094685558
G5,2.415175134
G5,2.673331597
G5,2.316274472
G5,2.829191219
G5,3.345548998
G5,2.085605587
G5,1.847582159
G5,2.521527438
G5,2.688625002
G5,2.30765345
G5,2.981304265
G5,1.86455768
G5,2.677167449
G5,2.157655672
G5,3.087751162
G5,3.197006141
G5,2.093337365
G5,2.180177146
G5,2.743835155
G5,2.24514774
G5,2.381835513
G5,2.410155368
G5,1.632130738
G5,2.394464902
G5,2.12410889
G5,2.202750871
G5,2.977452801
G5,1.897397242
G5,2.725282075
G5,2.288414828
G5,2.288095933
G5,2.716148758
G5,2.536020518
G6,3.428245199
G6,3.587273864
G6,3.067476647
G6,2.955105306
G6,2.765939789
G6,2.869835788
G6,4.37963777
G6,3.697871832
G6,2.659570254
G6,2.671016817
G6,3.392746425
G6,3.418905919
G6,3.419553534
G6,3.098017683
G6,3.149818296
G6,3.33115181
G6,3.234357203
G6,2.312279851
G6,3.108080148
G6,2.859437426
G6,3.270084568
G6,4.394103601
G6,3.346992666
G6,3.074588126
G6,3.568720601
G6,3.393075155
G6,3.368037796
G6,3.442740237
G6,4.022617426
G6,2.747644626
G6,3.389452831
G6,2.829447548
G6,3.422205059
G6,2.832525395
G6,3.033053275
G6,3.081964034
G6,3.590326688
G6,3.567381778
G6,2.701713049
G6,3.221973644
G6,2.916168058
G6,2.696598036
G6,3.11319318
G6,3.076606885
G6,4.170686595
G6,3.37318393
G6,2.648953
G6,2.974090398
G6,3.608553318
G6,4.035377109
G6,2.565606675
G6,2.448030246
G6,3.94838607
G6,3.355845671
G6,2.852682907
G6,3.413851634
G6,2.145700904
G6,3.201350203
G6,3.331128469
G6,3.569708056
G6,2.794441619
G6,3.234274865
G6,2.82983015
G6,3.302153502
G6,2.841861471
G6,3.036759664
G6,2.801673842
G6,3.460454497
G6,3.543380447
G6,3.106151772
G6,3.215295198
G6,2.620563434
G6,3.080129341
G6,3.179918153
G6,4.248317236
G6,2.75521319
G6,3.785670896
G6,3.598743509
G6,3.312254562
G6,3.903448194
G6,3.348842189
G6,3.355663678
G6,3.178751739
G6,3.689427553
G6,3.638587694
G6,2.949729085
G6,2.672301122
G6,3.118807745
G6,2.879984574
G6,3.17459017
G6,3.694975254
G6,3.017079338
G6,3.182870647
G6,3.223209094
G6,3.539372353
G6,2.301244266
G6,2.957319882
G6,3.284513477
G6,3.680031583
G6,3.003239021
G6,2.449378918
G6,3.447884578
G6,2.945855044
G6,2.724133336
G6,2.950261844
G6,3.126189857
G6,2.958102134
G6,2.317773577
G6,3.558826479
G6,3.709950017
G6,3.460608797
G6,2.744925732
G6,3.119403386
G6,3.197391474
G6,3.439517756
G6,3.467336195
G6,2.90633048
G6,3.232798223
G6,3.382912162
G6,3.782328929
G6,3.481802616
G6,3.515622675
G6,3.233530651
G6,3.764183658
G6,3.363905118
G6,2.855564836
G6,3.761347988
G6,3.479161309
G6,3.022782392
G6,3.008202813
G6,3.318630218
G6,3.385273918
G6,3.278916906
G6,3.324523469
G6,3.87998295
G6,3.628617261
G6,3.276254237
G6,3.576524232
G6,2.786990439
G6,3.35917082
G6,3.92372254
G6,3.112781642
G6,2.860946429
G6,2.939164445
G6,2.764146785
G6,2.886095237
G6,3.051796761
G6,2.637773192
G6,3.206247334
G6,3.56091087
G6,2.836897528
G6,3.807713569
G6,3.404316835
G6,3.612232234
G6,2.936866178
G6,3.541810091
G6,2.76322644
G6,3.556099
G6,3.268735736
G6,3.421300488
G6,2.729762158
G6,2.841972063
G6,3.438891287
G6,2.820660798
G6,3.385282517
G6,2.653144877
G6,3.539269685
G6,2.706990674
G6,3.420919975
G6,3.450252373
G6,2.921291273
G6,3.432810627
G6,3.304176905
G6,2.984463258
G6,2.796578126
G6,2.414949723
G6,3.339860019
G6,2.574078891
G6,3.23813768
G6,3.094620714
G6,3.47165711
G6,3.0791818
G6,3.068220885
G6,3.492748282
G6,3.334023212
G6,3.326462383
G6,3.387707036
G6,2.585771151
G6,3.502715472
G6,3.444987518
G6,2.793326749
G6,3.102367811
G6,3.184277085
G6,3.146201286
G6,3.333543987
G6,3.772546713
G6,3.632706691
G6,2.675112323
G6,3.448827996
G6,3.731573328
G6,3.354723408
G6,3.63639217
G6,4.004908178
G6,3.609483818
G6,3.299723438
G6,3.61803539
G6,3.257955133
G6,3.209561217
G6,3.059434306
G6,3.825365344
G6,2.872628534
G6,3.81294709
G6,3.399945649
G6,2.64027753
G6,3.347059717
G6,2.359989397
G6,3.450203207
G6,3.554092593
G6,2.963057618
G6,3.249419078
G6,3.981662974
G6,2.997701318
G6,2.776436965
G6,3.792665361
G6,3.985034876
G6,3.201478269
G6,3.604585214
G6,3.736590366
G6,2.903006307
G6,3.005877666
G6,3.692349805
G6,3.874005711
G6,3.425152344
G6,2.848074259
G6,3.994824445
G6,2.987611641
G6,3.065944888
G6,3.336935134
G6,3.821664168
G6,3.541590391
G6,3.3659462
G6,3.385315412
G6,3.217405867
G6,3.423255806
G6,2.188175969
G6,3.081357016
G6,3.296528774
G6,2.739594367
G6,3.354529327
G6,3.118211512
G6,3.902190279
G6,3.82920789
G6,3.013677772
G6,3.139664915
G6,3.170420974
G6,3.01933621
G6,3.278009994
G6,2.896687172
G6,2.747753866
G6,3.44908449
G6,3.451811834
G6,2.878273696
G6,3.558142172
G6,2.947368908
G6,3.301266095
G6,3.528137605
G6,3.186554974
G6,3.381896365
G6,2.993428142
G6,3.121413367
G6,3.117656228
G6,2.901368661
G6,3.129290335
G6,2.58055268
G6,3.003538501
G6,3.086049803
G6,3.097528099
G6,3.103401022
G6,3.17529432
G6,3.391776607
G6,3.54980683
G6,2.940093909
G6,2.718719658
G6,2.783182235
G6,3.005118832
G6,3.059231473
G6,2.892001574
G6,2.681553334
G6,3.017551669
G6,3.272570648
G6,3.438011786
G6,2.977030779
G6,3.034800871
G6,2.829320676
G6,3.187424332
G6,2.860628546
G6,3.429251125
G6,2.485653403
G6,3.056148131
G6,3.320442936
G6,3.273533807
G6,4.277213466
G6,3.33992001
G6,2.798378161
G6,3.161814301
G6,2.489501467
G6,3.1677601
G6,2.866777577
G6,3.56615611
G6,2.98018389
G6,3.153293634
G6,2.945776863
G6,3.895540541
G6,3.071502894
G6,3.933022817
G6,3.525660705
G6,3.392826691
G6,3.347493259
G6,3.357518919
G6,2.428930968
G6,3.088446642
G6,3.538063188
G6,3.180441127
G6,2.637924061
G6,3.17903822
G6,3.881642207
G6,3.698756686
G6,3.175198396
G6,3.580579711
G6,3.053397192
G6,2.518451365
G6,2.830213605
G6,3.825155507
G6,3.090402767
G6,3.102646408
G6,3.080064721
G6,3.961654636
G6,3.850383566
G6,4.087512093
G6,3.136381916
G6,3.318249795
G6,2.59334298
G6,3.79077377
G6,2.732888179
G6,3.286710226
G6,2.761078989
G6,2.964453269
G6,2.865095028
G6,2.956849896
G6,2.984350919
G6,2.980692482
G6,3.533333565
G6,2.758054883
G6,3.288216571
G6,3.687183661
G6,2.994721454
G6,2.912832444
G6,3.10779015
G6,3.671890083
G6,3.277643052
G6,2.987514282
G6,3.39355066
G6,2.75908314
G6,3.472543804
G6,3.363442923
G6,3.076876612
G6,2.864565681
G6,2.845327631
G6,3.413926935
G6,3.691592201
G6,2.945076901
G6,3.383354681
G6,2.365189193
G6,2.966152908
G6,3.187576427
G6,2.836126633
G6,2.82539745
G6,2.932888177
G6,3.316877091
G6,3.125068393
G6,2.304707507
G6,2.351719939
G6,2.957253929
G6,3.383074634
G6,2.100998063
G6,3.00010793
G6,2.989500857
G6,3.755335111
G6,3.045991275
G6,3.353195594
G6,3.256502856
G6,2.347773408
G6,3.507282887
G6,3.286158602
G6,3.403307456
G6,4.770495083
G6,2.366354824
G6,3.88987866
G6,3.085020992
G6,3.314931562
G6,3.181795102
G6,3.030305467
G6,2.972066829
G6,3.331803494
G6,2.593130521
G6,3.500231667
G6,3.033522238
G6,2.747972264
G6,3.019994857
G6,3.702859687
G6,2.985865965
G6,3.343381447
G6,2.90761749
G6,3.50316874
G6,3.474203096
G6,3.939443533
G6,3.129774422
G6,3.467461922
G6,3.239227016
G6,3.718348713
G6,2.912467045
G6,3.498002125
G6,3.122121082
G6,3.174324729
G6,3.236700994
G6,3.300896159
G6,3.153508383
G6,3.285885273
G6,3.831247223
G6,3.594179874
G6,3.547661837
G6,3.01778419
G6,2.844303669
G6,3.582120223
G6,3.550418717
G6,3.78906827
G6,2.95840775
G6,3.108180538
G6,2.544206335
G6,3.043011558
G6,3.598628204
G6,3.013401848
G6,3.456191918
G6,3.123798758
G6,3.329622811
G6,2.740923444
G6,3.23408378
G6,2.003545612
G6,3.125241537
G6,2.547810703
G6,3.682397807
G6,3.510962941
G6,3.386668393
G6,3.808402491
G6,2.820433392
G6,3.898945279
G6,3.572876626
G6,3.105377885
G6,3.654248059
G6,2.757482595
G6,2.870194335
G6,2.956564111
G6,2.988408917
G6,2.777376943
G6,3.689233227
G6,3.09645824
G6,3.341001987
G6,2.971859453
G6,2.47175868
G6,3.308022943
G6,2.43509801
G6,3.172546382
G6,2.652673984
G6,3.9949104
G6,3.564545089
G6,3.242301517
G6,3.705482671
G6,2.861473609
G6,3.417391751
G6,3.279924173
G6,3.305608033
G6,3.7089414
G6,3.492996841
G6,3.315489465
G6,2.538045026
G6,2.815981482
G6,3.150916427
G6,3.23734895
G6,2.74791851
G6,4.16467067
G6,3.806557622
G6,3.440847328
G6,3.228814745
G6,3.115116412
G6,2.819232616
G6,3.230992207
G6,3.303101016
G6,2.70329577
G6,3.333670567
G6,3.13789638